world,holonomy_iso_gauge,typed_cycle_iso,closure_iso,path_association,transport_mutation_detected,edge_type_mutation_detected,metric_mutation_detected,direct_graph_bytes,worldsheet_cycle_bytes
0,1,1,1,1,1,1,1,1056,390
1,1,1,1,1,1,1,1,759,317
2,1,1,1,1,1,1,1,583,230
3,1,1,1,1,1,1,1,660,262
4,1,1,1,1,1,1,1,636,270
5,1,1,1,1,1,1,1,812,308
6,1,1,1,1,1,1,1,789,284
7,1,1,1,1,1,1,1,989,376
8,1,1,1,1,1,1,1,1165,420
9,1,1,1,1,1,1,1,697,309
10,1,1,1,1,1,1,1,694,254
11,1,1,1,1,1,1,1,1035,404
12,1,1,1,1,1,1,1,665,272
13,1,1,1,1,1,1,1,568,270
14,1,1,1,1,1,1,1,586,256
15,1,1,1,1,1,1,1,806,339
16,1,1,1,1,1,1,1,1040,384
17,1,1,1,1,1,1,1,810,322
18,1,1,1,1,1,1,1,1157,383
19,1,1,1,1,1,1,1,526,237
20,1,1,1,1,1,1,1,730,278
21,1,1,1,1,1,1,1,499,227
22,1,1,1,1,1,1,1,689,297
23,1,1,1,1,1,1,1,1161,406
24,1,1,1,1,1,1,1,1132,389
25,1,1,1,1,1,1,1,680,303
26,1,1,1,1,1,1,1,857,318
27,1,1,1,1,1,1,1,862,332
28,1,1,1,1,1,1,1,900,349
29,1,1,1,1,1,1,1,685,299
30,1,1,1,1,1,1,1,948,341
31,1,1,1,1,1,1,1,842,325
32,1,1,1,1,1,1,1,1108,392
33,1,1,1,1,1,1,1,565,239
34,1,1,1,1,1,1,1,1070,374
35,1,1,1,1,1,1,1,494,242
36,1,1,1,1,1,1,1,579,247
37,1,1,1,1,1,1,1,1100,388
38,1,1,1,1,1,1,1,615,266
39,1,1,1,1,1,1,1,1161,362
40,1,1,1,1,1,1,1,548,239
41,1,1,1,1,1,1,1,509,247
42,1,1,1,1,1,1,1,717,297
43,1,1,1,1,1,1,1,625,257
44,1,1,1,1,1,1,1,804,303
45,1,1,1,1,1,1,1,808,330
46,1,1,1,1,1,1,1,881,340
47,1,1,1,1,1,1,1,664,284
48,1,1,1,1,1,1,1,664,294
49,1,1,1,1,1,1,1,1191,374
50,1,1,1,1,1,1,1,1043,355
51,1,1,1,1,1,1,1,630,272
52,1,1,1,1,1,1,1,613,247
53,1,1,1,1,1,1,1,456,231
54,1,1,1,1,1,1,1,658,255
55,1,1,1,1,1,1,1,939,334
56,1,1,1,1,1,1,1,879,306
57,1,1,1,1,1,1,1,842,308
58,1,1,1,1,1,1,1,758,315
59,1,1,1,1,1,1,1,719,278
60,1,1,1,1,1,1,1,816,292
61,1,1,1,1,1,1,1,926,341
62,1,1,1,1,1,1,1,701,259
63,1,1,1,1,1,1,1,544,233
64,1,1,1,1,1,1,1,971,362
65,1,1,1,1,1,1,1,987,389
66,1,1,1,1,1,1,1,571,256
67,1,1,1,1,1,1,1,690,306
68,1,1,1,1,1,1,1,649,295
69,1,1,1,1,1,1,1,815,306
70,1,1,1,1,1,1,1,924,330
71,1,1,1,1,1,1,1,682,257
72,1,1,1,1,1,1,1,670,295
73,1,1,1,1,1,1,1,682,286
74,1,1,1,1,1,1,1,870,344
75,1,1,1,1,1,1,1,572,239
76,1,1,1,1,1,1,1,932,347
77,1,1,1,1,1,1,1,1019,363
78,1,1,1,1,1,1,1,775,310
79,1,1,1,1,1,1,1,867,330
80,1,1,1,1,1,1,1,842,296
81,1,1,1,1,1,1,1,973,380
82,1,1,1,1,1,1,1,916,338
83,1,1,1,1,1,1,1,560,240
84,1,1,1,1,1,1,1,802,314
85,1,1,1,1,1,1,1,510,235
86,1,1,1,1,1,1,1,995,371
87,1,1,1,1,1,1,1,510,236
88,1,1,1,1,1,1,1,918,353
89,1,1,1,1,1,1,1,1018,356
90,1,1,1,1,1,1,1,864,343
91,1,1,1,1,1,1,1,1196,362
92,1,1,1,1,1,1,1,595,272
93,1,1,1,1,1,1,1,799,321
94,1,1,1,1,1,1,1,1155,378
95,1,1,1,1,1,1,1,814,322
96,1,1,1,1,1,1,1,568,249
97,1,1,1,1,1,1,1,775,344
98,1,1,1,1,1,1,1,1080,398
99,1,1,1,1,1,1,1,806,314
100,1,1,1,1,1,1,1,969,387
101,1,1,1,1,1,1,1,477,234
102,1,1,1,1,1,1,1,963,348
103,1,1,1,1,1,1,1,965,345
104,1,1,1,1,1,1,1,827,330
105,1,1,1,1,1,1,1,483,234
106,1,1,1,1,1,1,1,696,250
107,1,1,1,1,1,1,1,719,280
108,1,1,1,1,1,1,1,887,332
109,1,1,1,1,1,1,1,536,252
110,1,1,1,1,1,1,1,771,333
111,1,1,1,1,1,1,1,980,337
112,1,1,1,1,1,1,1,589,265
113,1,1,1,1,1,1,1,625,243
114,1,1,1,1,1,1,1,937,338
115,1,1,1,1,1,1,1,841,307
116,1,1,1,1,1,1,1,708,281
117,1,1,1,1,1,1,1,1118,373
118,1,1,1,1,1,1,1,512,270
119,1,1,1,1,1,1,1,803,324
120,1,1,1,1,1,1,1,851,313
121,1,1,1,1,1,1,1,504,239
122,1,1,1,1,1,1,1,566,242
123,1,1,1,1,1,1,1,602,259
124,1,1,1,1,1,1,1,1072,411
125,1,1,1,1,1,1,1,1142,409
126,1,1,1,1,1,1,1,711,298
127,1,1,1,1,1,1,1,1144,384
128,1,1,1,1,1,1,1,1188,412
129,1,1,1,1,1,1,1,602,254
130,1,1,1,1,1,1,1,527,238
131,1,1,1,1,1,1,1,620,272
132,1,1,1,1,1,1,1,959,359
133,1,1,1,1,1,1,1,574,246
134,1,1,1,1,1,1,1,783,346
135,1,1,1,1,1,1,1,728,302
136,1,1,1,1,1,1,1,598,232
137,1,1,1,1,1,1,1,646,256
138,1,1,1,1,1,1,1,648,243
139,1,1,1,1,1,1,1,922,359
140,1,1,1,1,1,1,1,595,267
141,1,1,1,1,1,1,1,1173,390
142,1,1,1,1,1,1,1,1063,362
143,1,1,1,1,1,1,1,1002,363
144,1,1,1,1,1,1,1,778,306
145,1,1,1,1,1,1,1,608,252
146,1,1,1,1,1,1,1,686,281
147,1,1,1,1,1,1,1,525,235
148,1,1,1,1,1,1,1,488,233
149,1,1,1,1,1,1,1,717,277
150,1,1,1,1,1,1,1,523,241
151,1,1,1,1,1,1,1,570,248
152,1,1,1,1,1,1,1,711,298
153,1,1,1,1,1,1,1,784,325
154,1,1,1,1,1,1,1,480,229
155,1,1,1,1,1,1,1,776,294
156,1,1,1,1,1,1,1,536,230
157,1,1,1,1,1,1,1,556,267
158,1,1,1,1,1,1,1,1207,403
159,1,1,1,1,1,1,1,629,261
160,1,1,1,1,1,1,1,547,237
161,1,1,1,1,1,1,1,621,285
162,1,1,1,1,1,1,1,766,314
163,1,1,1,1,1,1,1,995,349
164,1,1,1,1,1,1,1,909,332
165,1,1,1,1,1,1,1,668,285
166,1,1,1,1,1,1,1,740,315
167,1,1,1,1,1,1,1,811,320
168,1,1,1,1,1,1,1,663,288
169,1,1,1,1,1,1,1,616,273
170,1,1,1,1,1,1,1,659,283
171,1,1,1,1,1,1,1,908,366
172,1,1,1,1,1,1,1,519,228
173,1,1,1,1,1,1,1,891,321
174,1,1,1,1,1,1,1,559,263
175,1,1,1,1,1,1,1,1112,400
176,1,1,1,1,1,1,1,774,310
177,1,1,1,1,1,1,1,560,235
178,1,1,1,1,1,1,1,933,366
179,1,1,1,1,1,1,1,691,279
180,1,1,1,1,1,1,1,1081,338
181,1,1,1,1,1,1,1,577,239
182,1,1,1,1,1,1,1,668,296
183,1,1,1,1,1,1,1,1103,401
184,1,1,1,1,1,1,1,472,220
185,1,1,1,1,1,1,1,532,228
186,1,1,1,1,1,1,1,741,268
187,1,1,1,1,1,1,1,1258,401
188,1,1,1,1,1,1,1,1004,378
189,1,1,1,1,1,1,1,911,354
190,1,1,1,1,1,1,1,1017,382
191,1,1,1,1,1,1,1,1087,376
192,1,1,1,1,1,1,1,548,230
193,1,1,1,1,1,1,1,623,269
194,1,1,1,1,1,1,1,505,235
195,1,1,1,1,1,1,1,722,286
196,1,1,1,1,1,1,1,820,318
197,1,1,1,1,1,1,1,521,228
198,1,1,1,1,1,1,1,523,243
199,1,1,1,1,1,1,1,735,307
200,1,1,1,1,1,1,1,1002,365
201,1,1,1,1,1,1,1,624,270
202,1,1,1,1,1,1,1,1015,366
203,1,1,1,1,1,1,1,582,241
204,1,1,1,1,1,1,1,668,267
205,1,1,1,1,1,1,1,1015,342
206,1,1,1,1,1,1,1,905,365
207,1,1,1,1,1,1,1,666,257
208,1,1,1,1,1,1,1,1096,370
209,1,1,1,1,1,1,1,976,388
210,1,1,1,1,1,1,1,758,304
211,1,1,1,1,1,1,1,1257,417
212,1,1,1,1,1,1,1,1172,410
213,1,1,1,1,1,1,1,945,368
214,1,1,1,1,1,1,1,1243,408
215,1,1,1,1,1,1,1,534,241
216,1,1,1,1,1,1,1,694,286
217,1,1,1,1,1,1,1,774,281
218,1,1,1,1,1,1,1,983,353
219,1,1,1,1,1,1,1,729,282
220,1,1,1,1,1,1,1,1092,398
221,1,1,1,1,1,1,1,1221,403
222,1,1,1,1,1,1,1,1104,345
223,1,1,1,1,1,1,1,731,298
224,1,1,1,1,1,1,1,1226,389
225,1,1,1,1,1,1,1,978,383
226,1,1,1,1,1,1,1,973,386
227,1,1,1,1,1,1,1,568,247
228,1,1,1,1,1,1,1,561,251
229,1,1,1,1,1,1,1,1088,398
230,1,1,1,1,1,1,1,1000,330
231,1,1,1,1,1,1,1,495,242
232,1,1,1,1,1,1,1,694,298
233,1,1,1,1,1,1,1,919,337
234,1,1,1,1,1,1,1,1079,322
235,1,1,1,1,1,1,1,1006,346
236,1,1,1,1,1,1,1,921,321
237,1,1,1,1,1,1,1,657,271
238,1,1,1,1,1,1,1,952,348
239,1,1,1,1,1,1,1,1119,365
240,1,1,1,1,1,1,1,757,275
241,1,1,1,1,1,1,1,1093,392
242,1,1,1,1,1,1,1,969,381
243,1,1,1,1,1,1,1,924,363
244,1,1,1,1,1,1,1,946,338
245,1,1,1,1,1,1,1,865,337
246,1,1,1,1,1,1,1,1153,418
247,1,1,1,1,1,1,1,709,321
248,1,1,1,1,1,1,1,650,260
249,1,1,1,1,1,1,1,499,234
250,1,1,1,1,1,1,1,948,371
251,1,1,1,1,1,1,1,616,262
252,1,1,1,1,1,1,1,1001,367
253,1,1,1,1,1,1,1,1204,406
254,1,1,1,1,1,1,1,804,303
255,1,1,1,1,1,1,1,465,234
256,1,1,1,1,1,1,1,659,263
257,1,1,1,1,1,1,1,930,315
258,1,1,1,1,1,1,1,647,297
259,1,1,1,1,1,1,1,638,268
260,1,1,1,1,1,1,1,778,288
261,1,1,1,1,1,1,1,1124,396
262,1,1,1,1,1,1,1,650,266
263,1,1,1,1,1,1,1,508,238
264,1,1,1,1,1,1,1,718,311
265,1,1,1,1,1,1,1,720,264
266,1,1,1,1,1,1,1,806,323
267,1,1,1,1,1,1,1,989,360
268,1,1,1,1,1,1,1,665,256
269,1,1,1,1,1,1,1,1046,335
270,1,1,1,1,1,1,1,615,264
271,1,1,1,1,1,1,1,513,227
272,1,1,1,1,1,1,1,925,336
273,1,1,1,1,1,1,1,648,304
274,1,1,1,1,1,1,1,606,262
275,1,1,1,1,1,1,1,1019,367
276,1,1,1,1,1,1,1,659,272
277,1,1,1,1,1,1,1,603,247
278,1,1,1,1,1,1,1,729,288
279,1,1,1,1,1,1,1,1063,374
280,1,1,1,1,1,1,1,591,268
281,1,1,1,1,1,1,1,645,268
282,1,1,1,1,1,1,1,539,261
283,1,1,1,1,1,1,1,761,301
284,1,1,1,1,1,1,1,852,353
285,1,1,1,1,1,1,1,836,317
286,1,1,1,1,1,1,1,718,301
287,1,1,1,1,1,1,1,1004,330
288,1,1,1,1,1,1,1,711,302
289,1,1,1,1,1,1,1,1124,380
290,1,1,1,1,1,1,1,1191,403
291,1,1,1,1,1,1,1,898,316
292,1,1,1,1,1,1,1,1170,392
293,1,1,1,1,1,1,1,677,283
294,1,1,1,1,1,1,1,1044,362
295,1,1,1,1,1,1,1,505,246
296,1,1,1,1,1,1,1,940,355
297,1,1,1,1,1,1,1,706,295
298,1,1,1,1,1,1,1,1066,407
299,1,1,1,1,1,1,1,931,329
300,1,1,1,1,1,1,1,532,244
301,1,1,1,1,1,1,1,906,328
302,1,1,1,1,1,1,1,934,336
303,1,1,1,1,1,1,1,675,256
304,1,1,1,1,1,1,1,824,330
305,1,1,1,1,1,1,1,1102,408
306,1,1,1,1,1,1,1,528,244
307,1,1,1,1,1,1,1,590,255
308,1,1,1,1,1,1,1,1092,389
309,1,1,1,1,1,1,1,871,336
310,1,1,1,1,1,1,1,689,264
311,1,1,1,1,1,1,1,1053,393
312,1,1,1,1,1,1,1,1143,390
313,1,1,1,1,1,1,1,633,250
314,1,1,1,1,1,1,1,747,317
315,1,1,1,1,1,1,1,604,279
316,1,1,1,1,1,1,1,869,338
317,1,1,1,1,1,1,1,815,336
318,1,1,1,1,1,1,1,1162,379
319,1,1,1,1,1,1,1,854,342
320,1,1,1,1,1,1,1,682,287
321,1,1,1,1,1,1,1,1130,424
322,1,1,1,1,1,1,1,1001,413
323,1,1,1,1,1,1,1,727,285
324,1,1,1,1,1,1,1,716,272
325,1,1,1,1,1,1,1,1161,398
326,1,1,1,1,1,1,1,721,268
327,1,1,1,1,1,1,1,983,347
328,1,1,1,1,1,1,1,632,262
329,1,1,1,1,1,1,1,1225,402
330,1,1,1,1,1,1,1,865,311
331,1,1,1,1,1,1,1,751,285
332,1,1,1,1,1,1,1,542,246
333,1,1,1,1,1,1,1,510,244
334,1,1,1,1,1,1,1,663,263
335,1,1,1,1,1,1,1,650,270
336,1,1,1,1,1,1,1,1286,396
337,1,1,1,1,1,1,1,677,302
338,1,1,1,1,1,1,1,934,371
339,1,1,1,1,1,1,1,1235,407
340,1,1,1,1,1,1,1,430,222
341,1,1,1,1,1,1,1,1048,376
342,1,1,1,1,1,1,1,825,346
343,1,1,1,1,1,1,1,516,241
344,1,1,1,1,1,1,1,745,282
345,1,1,1,1,1,1,1,685,261
346,1,1,1,1,1,1,1,833,295
347,1,1,1,1,1,1,1,936,345
348,1,1,1,1,1,1,1,493,242
349,1,1,1,1,1,1,1,857,319
350,1,1,1,1,1,1,1,773,315
351,1,1,1,1,1,1,1,1072,384
352,1,1,1,1,1,1,1,796,306
353,1,1,1,1,1,1,1,884,324
354,1,1,1,1,1,1,1,830,331
355,1,1,1,1,1,1,1,694,272
356,1,1,1,1,1,1,1,494,255
357,1,1,1,1,1,1,1,845,341
358,1,1,1,1,1,1,1,1018,393
359,1,1,1,1,1,1,1,1170,390
360,1,1,1,1,1,1,1,1114,325
361,1,1,1,1,1,1,1,691,251
362,1,1,1,1,1,1,1,1102,359
363,1,1,1,1,1,1,1,520,234
364,1,1,1,1,1,1,1,674,252
365,1,1,1,1,1,1,1,555,231
366,1,1,1,1,1,1,1,759,321
367,1,1,1,1,1,1,1,1026,368
368,1,1,1,1,1,1,1,880,347
369,1,1,1,1,1,1,1,482,234
370,1,1,1,1,1,1,1,691,263
371,1,1,1,1,1,1,1,574,272
372,1,1,1,1,1,1,1,1183,395
373,1,1,1,1,1,1,1,1010,366
374,1,1,1,1,1,1,1,1189,402
375,1,1,1,1,1,1,1,672,275
376,1,1,1,1,1,1,1,679,308
377,1,1,1,1,1,1,1,746,312
378,1,1,1,1,1,1,1,1022,346
379,1,1,1,1,1,1,1,689,303
380,1,1,1,1,1,1,1,1208,416
381,1,1,1,1,1,1,1,672,284
382,1,1,1,1,1,1,1,985,334
383,1,1,1,1,1,1,1,1083,376
384,1,1,1,1,1,1,1,967,360
385,1,1,1,1,1,1,1,1207,414
386,1,1,1,1,1,1,1,1168,396
387,1,1,1,1,1,1,1,1043,402
388,1,1,1,1,1,1,1,802,311
389,1,1,1,1,1,1,1,997,359
390,1,1,1,1,1,1,1,1205,411
391,1,1,1,1,1,1,1,855,306
392,1,1,1,1,1,1,1,616,260
393,1,1,1,1,1,1,1,611,258
394,1,1,1,1,1,1,1,733,301
395,1,1,1,1,1,1,1,742,305
396,1,1,1,1,1,1,1,596,239
397,1,1,1,1,1,1,1,601,246
398,1,1,1,1,1,1,1,796,297
399,1,1,1,1,1,1,1,543,234
400,1,1,1,1,1,1,1,825,328
401,1,1,1,1,1,1,1,761,308
402,1,1,1,1,1,1,1,650,282
403,1,1,1,1,1,1,1,647,249
404,1,1,1,1,1,1,1,816,310
405,1,1,1,1,1,1,1,572,244
406,1,1,1,1,1,1,1,704,276
407,1,1,1,1,1,1,1,932,347
408,1,1,1,1,1,1,1,1134,399
409,1,1,1,1,1,1,1,1184,410
410,1,1,1,1,1,1,1,826,263
411,1,1,1,1,1,1,1,1070,358
412,1,1,1,1,1,1,1,725,286
413,1,1,1,1,1,1,1,1113,390
414,1,1,1,1,1,1,1,1108,365
415,1,1,1,1,1,1,1,913,351
416,1,1,1,1,1,1,1,971,354
417,1,1,1,1,1,1,1,1156,411
418,1,1,1,1,1,1,1,1011,339
419,1,1,1,1,1,1,1,1152,410
420,1,1,1,1,1,1,1,680,280
421,1,1,1,1,1,1,1,1073,363
422,1,1,1,1,1,1,1,1017,413
423,1,1,1,1,1,1,1,561,241
424,1,1,1,1,1,1,1,865,350
425,1,1,1,1,1,1,1,995,387
426,1,1,1,1,1,1,1,942,348
427,1,1,1,1,1,1,1,928,372
428,1,1,1,1,1,1,1,837,336
429,1,1,1,1,1,1,1,879,318
430,1,1,1,1,1,1,1,986,367
431,1,1,1,1,1,1,1,945,307
432,1,1,1,1,1,1,1,638,260
433,1,1,1,1,1,1,1,1003,375
434,1,1,1,1,1,1,1,1133,385
435,1,1,1,1,1,1,1,572,243
436,1,1,1,1,1,1,1,1130,410
437,1,1,1,1,1,1,1,764,284
438,1,1,1,1,1,1,1,771,284
439,1,1,1,1,1,1,1,510,237
440,1,1,1,1,1,1,1,803,299
441,1,1,1,1,1,1,1,893,335
442,1,1,1,1,1,1,1,1135,391
443,1,1,1,1,1,1,1,587,264
444,1,1,1,1,1,1,1,549,232
445,1,1,1,1,1,1,1,951,341
446,1,1,1,1,1,1,1,764,322
447,1,1,1,1,1,1,1,671,293
448,1,1,1,1,1,1,1,927,345
449,1,1,1,1,1,1,1,688,296
450,1,1,1,1,1,1,1,693,293
451,1,1,1,1,1,1,1,696,297
452,1,1,1,1,1,1,1,776,315
453,1,1,1,1,1,1,1,631,264
454,1,1,1,1,1,1,1,675,256
455,1,1,1,1,1,1,1,804,296
456,1,1,1,1,1,1,1,549,268
457,1,1,1,1,1,1,1,1275,398
458,1,1,1,1,1,1,1,883,336
459,1,1,1,1,1,1,1,954,385
460,1,1,1,1,1,1,1,510,228
461,1,1,1,1,1,1,1,1200,418
462,1,1,1,1,1,1,1,1032,360
463,1,1,1,1,1,1,1,1096,395
464,1,1,1,1,1,1,1,492,240
465,1,1,1,1,1,1,1,499,231
466,1,1,1,1,1,1,1,675,268
467,1,1,1,1,1,1,1,935,344
468,1,1,1,1,1,1,1,667,289
469,1,1,1,1,1,1,1,945,375
470,1,1,1,1,1,1,1,1157,389
471,1,1,1,1,1,1,1,1139,391
472,1,1,1,1,1,1,1,838,294
473,1,1,1,1,1,1,1,1072,373
474,1,1,1,1,1,1,1,790,315
475,1,1,1,1,1,1,1,993,345
476,1,1,1,1,1,1,1,673,294
477,1,1,1,1,1,1,1,905,330
478,1,1,1,1,1,1,1,984,395
479,1,1,1,1,1,1,1,553,229
480,1,1,1,1,1,1,1,761,323
481,1,1,1,1,1,1,1,824,292
482,1,1,1,1,1,1,1,1010,361
483,1,1,1,1,1,1,1,523,233
484,1,1,1,1,1,1,1,1141,396
485,1,1,1,1,1,1,1,867,310
486,1,1,1,1,1,1,1,669,289
487,1,1,1,1,1,1,1,960,356
488,1,1,1,1,1,1,1,1192,401
489,1,1,1,1,1,1,1,439,220
490,1,1,1,1,1,1,1,449,224
491,1,1,1,1,1,1,1,848,367
492,1,1,1,1,1,1,1,805,322
493,1,1,1,1,1,1,1,924,326
494,1,1,1,1,1,1,1,594,257
495,1,1,1,1,1,1,1,653,282
496,1,1,1,1,1,1,1,823,311
497,1,1,1,1,1,1,1,909,350
498,1,1,1,1,1,1,1,1045,378
499,1,1,1,1,1,1,1,1008,388
500,1,1,1,1,1,1,1,1200,397
501,1,1,1,1,1,1,1,741,274
502,1,1,1,1,1,1,1,544,237
503,1,1,1,1,1,1,1,616,261
504,1,1,1,1,1,1,1,729,288
505,1,1,1,1,1,1,1,489,226
506,1,1,1,1,1,1,1,844,302
507,1,1,1,1,1,1,1,894,348
508,1,1,1,1,1,1,1,1179,386
509,1,1,1,1,1,1,1,884,345
510,1,1,1,1,1,1,1,1084,361
511,1,1,1,1,1,1,1,631,258
512,1,1,1,1,1,1,1,624,260
513,1,1,1,1,1,1,1,827,299
514,1,1,1,1,1,1,1,774,305
515,1,1,1,1,1,1,1,989,351
516,1,1,1,1,1,1,1,717,327
517,1,1,1,1,1,1,1,975,358
518,1,1,1,1,1,1,1,565,234
519,1,1,1,1,1,1,1,527,246
520,1,1,1,1,1,1,1,606,261
521,1,1,1,1,1,1,1,574,237
522,1,1,1,1,1,1,1,512,226
523,1,1,1,1,1,1,1,960,350
524,1,1,1,1,1,1,1,828,338
525,1,1,1,1,1,1,1,622,259
526,1,1,1,1,1,1,1,623,276
527,1,1,1,1,1,1,1,754,306
528,1,1,1,1,1,1,1,518,227
529,1,1,1,1,1,1,1,1185,397
530,1,1,1,1,1,1,1,633,256
531,1,1,1,1,1,1,1,629,295
532,1,1,1,1,1,1,1,1008,352
533,1,1,1,1,1,1,1,723,305
534,1,1,1,1,1,1,1,1066,361
535,1,1,1,1,1,1,1,922,350
536,1,1,1,1,1,1,1,1179,385
537,1,1,1,1,1,1,1,892,345
538,1,1,1,1,1,1,1,894,334
539,1,1,1,1,1,1,1,810,342
540,1,1,1,1,1,1,1,635,265
541,1,1,1,1,1,1,1,1178,400
542,1,1,1,1,1,1,1,1020,381
543,1,1,1,1,1,1,1,972,336
544,1,1,1,1,1,1,1,1133,391
545,1,1,1,1,1,1,1,1086,390
546,1,1,1,1,1,1,1,732,296
547,1,1,1,1,1,1,1,513,234
548,1,1,1,1,1,1,1,894,330
549,1,1,1,1,1,1,1,824,327
550,1,1,1,1,1,1,1,828,314
551,1,1,1,1,1,1,1,804,334
552,1,1,1,1,1,1,1,776,315
553,1,1,1,1,1,1,1,913,373
554,1,1,1,1,1,1,1,1110,405
555,1,1,1,1,1,1,1,601,260
556,1,1,1,1,1,1,1,1117,366
557,1,1,1,1,1,1,1,790,300
558,1,1,1,1,1,1,1,900,325
559,1,1,1,1,1,1,1,579,275
560,1,1,1,1,1,1,1,926,337
561,1,1,1,1,1,1,1,987,379
562,1,1,1,1,1,1,1,581,241
563,1,1,1,1,1,1,1,924,337
564,1,1,1,1,1,1,1,1269,414
565,1,1,1,1,1,1,1,894,327
566,1,1,1,1,1,1,1,652,275
567,1,1,1,1,1,1,1,829,314
568,1,1,1,1,1,1,1,736,272
569,1,1,1,1,1,1,1,871,324
570,1,1,1,1,1,1,1,1166,400
571,1,1,1,1,1,1,1,1114,365
572,1,1,1,1,1,1,1,702,293
573,1,1,1,1,1,1,1,633,266
574,1,1,1,1,1,1,1,680,285
575,1,1,1,1,1,1,1,1044,369
576,1,1,1,1,1,1,1,694,257
577,1,1,1,1,1,1,1,1089,397
578,1,1,1,1,1,1,1,561,260
579,1,1,1,1,1,1,1,707,270
580,1,1,1,1,1,1,1,897,350
581,1,1,1,1,1,1,1,1202,412
582,1,1,1,1,1,1,1,987,358
583,1,1,1,1,1,1,1,938,344
584,1,1,1,1,1,1,1,662,251
585,1,1,1,1,1,1,1,525,257
586,1,1,1,1,1,1,1,645,259
587,1,1,1,1,1,1,1,1310,402
588,1,1,1,1,1,1,1,938,340
589,1,1,1,1,1,1,1,871,305
590,1,1,1,1,1,1,1,573,247
591,1,1,1,1,1,1,1,836,319
592,1,1,1,1,1,1,1,614,275
593,1,1,1,1,1,1,1,1118,406
594,1,1,1,1,1,1,1,631,262
595,1,1,1,1,1,1,1,728,283
596,1,1,1,1,1,1,1,1061,369
597,1,1,1,1,1,1,1,915,344
598,1,1,1,1,1,1,1,1006,360
599,1,1,1,1,1,1,1,540,236
