id,class,split,early_mean,early_trend,pairwise_correlation,branch_dispersion,late_mean
independent_000,independent,train,0.03855324074074074,0.0008101851851851846,-0.00017377003784572963,0.0021650325726901495,0.038148148148148146
independent_001,independent,train,0.029965277777777778,-0.00048611111111111077,0.0004038106281829855,0.0015774320799119218,0.030636574074074073
independent_002,independent,train,0.039189814814814816,-0.0028703703703703703,0.001107366221524846,0.001793496051409022,0.037083333333333336
independent_003,independent,train,0.04131944444444444,-0.00023148148148148529,0.0015499972098621721,0.0022872197782742585,0.04258101851851852
independent_004,independent,test,0.031516203703703706,0.0009490740740740779,0.0009577120370306758,0.0012610430414815876,0.0362962962962963
independent_005,independent,train,0.01920138888888889,0.0003009259259259267,-7.82128656904231e-05,0.0013345364138854668,0.01934027777777778
independent_006,independent,train,0.0419212962962963,-0.0005092592592592649,-0.0016960715730858905,0.0008781054045551236,0.038738425925925926
independent_007,independent,train,0.030416666666666668,0.0003703703703703716,-0.0018993107327595737,0.0019133313259047987,0.029652777777777778
independent_008,independent,train,0.01880787037037037,-0.0004398148148148165,0.0004063088062747337,0.0010802400242284722,0.01972222222222222
independent_009,independent,test,0.04355324074074074,0.0015509259259259278,0.0011178954055908118,0.001636780331703799,0.04472222222222222
independent_010,independent,train,0.04134259259259259,0.003703703703703702,-0.00016040393291025728,0.0014179067436216261,0.045752314814814815
independent_011,independent,test,0.029444444444444443,0.002175925925925925,-0.001059094419714676,0.001131184418784316,0.03119212962962963
independent_012,independent,test,0.026608796296296297,0.0016435185185185198,0.0011671520382781908,0.0020448804700596256,0.02508101851851852
independent_013,independent,train,0.02263888888888889,0.0,-0.0023086968677292438,0.0011857637476727502,0.020902777777777777
independent_014,independent,test,0.04324074074074074,0.003518518518518518,-0.0010993194932630262,0.0016769231737291518,0.04704861111111111
independent_015,independent,train,0.02172453703703704,0.0014120370370370346,-0.0012113880943242657,0.0014246458148865636,0.022962962962962963
independent_016,independent,train,0.04483796296296296,0.0009259259259259273,-0.0012571513048075865,0.0020411101954338423,0.04770833333333333
independent_017,independent,train,0.037002314814814814,-0.0003009259259259267,-0.0011222666115345468,0.0011358525279997896,0.03916666666666667
independent_018,independent,test,0.033761574074074076,0.0039583333333333345,-0.00022489727185413653,0.0017977856917183014,0.03809027777777778
independent_019,independent,train,0.035451388888888886,0.00011574074074074264,0.0013904049697573227,0.0016772027441321912,0.03974537037037037
independent_020,independent,train,0.03408564814814815,0.000347222222222221,0.0007660754853903144,0.0019736765959892113,0.03643518518518519
independent_021,independent,train,0.043611111111111114,0.004537037037037041,0.0019052580262264277,0.00237062353972076,0.04984953703703704
independent_022,independent,train,0.03622685185185185,-0.0018055555555555533,0.002625241283366857,0.0009818199102059498,0.03841435185185185
independent_023,independent,train,0.01806712962962963,0.00034722222222222446,0.002581560446198806,0.0008946542149155267,0.020196759259259258
independent_024,independent,train,0.023252314814814816,-0.0009953703703703722,-1.0329557505498071e-05,0.0016572764664808232,0.020636574074074075
independent_025,independent,train,0.0453125,0.003865740740740739,-9.617515030702101e-05,0.0017185453956032033,0.05009259259259259
independent_026,independent,train,0.03353009259259259,0.0010879629629629642,-0.001294105817238374,0.0016669479572297653,0.036875
independent_027,independent,test,0.03377314814814815,-0.0007407407407407363,0.0006569974639130126,0.0012446300980342654,0.03090277777777778
independent_028,independent,train,0.03208333333333333,-0.0005555555555555591,-0.0009816993320890242,0.0014141226249353009,0.03480324074074074
independent_029,independent,train,0.021875,0.0005092592592592614,-0.0016919701345676707,0.0012727272031380803,0.025613425925925925
independent_030,independent,test,0.02349537037037037,-0.001851851851851851,-0.0004972970740761052,0.001366917258467095,0.021574074074074075
independent_031,independent,test,0.03753472222222222,0.004004629629629629,-0.0038203639700513403,0.0017792103964325483,0.04234953703703704
independent_032,independent,train,0.02417824074074074,0.0003009259259259267,-0.0004381952248045176,0.0014687221818280305,0.026296296296296297
independent_033,independent,train,0.021689814814814815,9.25925925925955e-05,0.0016193637486005478,0.0011891481054667888,0.01912037037037037
independent_034,independent,train,0.026018518518518517,0.0005092592592592614,-0.0011937276439609073,0.0016640926625566142,0.027962962962962964
independent_035,independent,train,0.01699074074074074,0.0,-0.001310830581280019,0.0012248848662336066,0.018645833333333334
independent_036,independent,train,0.025532407407407406,-0.001666666666666667,-0.00021498443917035084,0.001392549189138429,0.023564814814814816
independent_037,independent,test,0.03153935185185185,0.0014120370370370346,-0.00013241774533700044,0.0024728192769815993,0.03262731481481482
independent_038,independent,train,0.0215625,0.001134259259259262,0.0015096657051609237,0.0017631763774304228,0.026238425925925925
independent_039,independent,test,0.02340277777777778,0.0016203703703703727,0.0026159128884596363,0.0013463787610385064,0.027280092592592592
independent_040,independent,train,0.01712962962962963,-0.00314814814814815,0.001824918554139744,0.0009897017743718496,0.017083333333333332
independent_041,independent,test,0.04065972222222222,-0.002476851851851855,-0.0020593548756122544,0.0025001875358330026,0.03832175925925926
independent_042,independent,test,0.021643518518518517,0.0029629629629629624,0.0008874301496683456,0.0008805428982226959,0.022037037037037036
independent_043,independent,test,0.03263888888888889,0.0012500000000000011,0.0028730493047362166,0.0018582066889249523,0.0340625
independent_044,independent,train,0.025497685185185186,0.0012731481481481483,0.00023672781112960096,0.0012770877598792768,0.028599537037037038
independent_045,independent,train,0.02431712962962963,0.00224537037037037,3.5638351042620015e-05,0.001464703532669509,0.0284375
independent_046,independent,test,0.0325,0.003935185185185184,0.0014965925756055052,0.002241429340168557,0.036041666666666666
independent_047,independent,train,0.015150462962962963,0.0009490740740740744,-0.000705201043179891,0.0007910267881871193,0.016041666666666666
independent_048,independent,train,0.014641203703703703,0.0009953703703703704,-0.0010316301937707709,0.0010459659221119387,0.014328703703703703
independent_049,independent,train,0.03729166666666667,-0.0008333333333333387,-0.00012596855650024444,0.0016958289729067007,0.036828703703703704
independent_050,independent,test,0.02125,0.0015277777777777772,0.0007841023846037698,0.0022280017436140673,0.026574074074074073
independent_051,independent,train,0.03501157407407408,0.00011574074074074264,0.0039217541824125785,0.001183445536760085,0.03891203703703704
independent_052,independent,train,0.038078703703703705,0.0028703703703703703,-0.0006470307813164524,0.0012411811683754183,0.042430555555555555
independent_053,independent,train,0.04528935185185185,0.0025231481481481494,0.0014221763060132914,0.0016199983038442233,0.04597222222222222
independent_054,independent,train,0.028483796296296295,0.0006712962962962983,0.0009523003887122161,0.0011424379172273616,0.02789351851851852
independent_055,independent,train,0.04251157407407408,-0.0007638888888888903,0.001909053914345491,0.0025807589970837648,0.043263888888888886
independent_056,independent,test,0.040532407407407406,0.0032407407407407385,0.0010717422178913786,0.0016379666268828235,0.04466435185185185
independent_057,independent,test,0.032928240740740744,0.001412037037037038,-0.0016792235481307084,0.0008017918408387965,0.03697916666666667
independent_058,independent,train,0.04332175925925926,-0.0006712962962962948,-0.0025466462561786938,0.0023499361091481163,0.041840277777777775
independent_059,independent,train,0.03965277777777778,0.0018055555555555533,-0.0004724061562566008,0.0019265879827155654,0.043993055555555556
independent_060,independent,test,0.04255787037037037,0.001597222222222222,-0.0020320031944747294,0.0018255877696600922,0.04788194444444444
independent_061,independent,train,0.02295138888888889,6.944444444444489e-05,-0.0006003953742395724,0.0006889248235848669,0.019814814814814816
independent_062,independent,train,0.028368055555555556,0.0017824074074074062,-0.00036738206070272727,0.001429901789364948,0.034722222222222224
independent_063,independent,train,0.02832175925925926,0.0014583333333333323,0.001409922430796012,0.0015315872119667502,0.0284375
independent_064,independent,test,0.024386574074074074,-0.0006250000000000006,-0.0029544788771125965,0.0009246953628413835,0.02400462962962963
independent_065,independent,train,0.015081018518518518,-0.0023842592592592596,0.0009774322296342212,0.0012365856870927441,0.013171296296296296
independent_066,independent,train,0.02457175925925926,-0.00016203703703703692,0.0007164963761062622,0.001262741559690915,0.024189814814814813
independent_067,independent,train,0.02375,0.001944444444444443,0.0023209041023257286,0.001751934067446713,0.02736111111111111
independent_068,independent,train,0.042881944444444445,0.001597222222222222,-0.0005497420790116888,0.001901779216669873,0.04626157407407407
independent_069,independent,train,0.01755787037037037,0.0005324074074074085,0.0007492299585503301,0.0011254262071789568,0.01832175925925926
independent_070,independent,test,0.03023148148148148,-0.0011111111111111113,0.0012856280821741516,0.0012712527979394433,0.030648148148148147
independent_071,independent,test,0.03293981481481482,0.0008333333333333318,-0.0017426140096461202,0.0015955439384528428,0.03753472222222222
independent_072,independent,train,0.02753472222222222,-0.00048611111111111077,0.002673360162795136,0.0007977719692264212,0.027766203703703703
independent_073,independent,train,0.027002314814814816,0.0020601851851851857,-0.0015962003132623714,0.0011517803024997163,0.02922453703703704
independent_074,independent,test,0.0366087962962963,0.004791666666666666,0.0010424448791406743,0.0014507352772474397,0.04136574074074074
independent_075,independent,train,0.02454861111111111,-0.0009490740740740744,-0.0019156109937212827,0.0016318623567481854,0.025451388888888888
independent_076,independent,test,0.016863425925925928,0.00150462962962963,0.002649298443599499,0.0009100932237556357,0.01733796296296296
independent_077,independent,train,0.04071759259259259,0.001574074074074075,0.000899002656428191,0.0004623838971166233,0.04344907407407408
independent_078,independent,test,0.04472222222222222,0.0018055555555555533,-0.00017726508177326678,0.0014027090192169549,0.04535879629629629
independent_079,independent,test,0.045925925925925926,0.0025462962962962965,-0.002161781648466857,0.0009544225985226073,0.05179398148148148
independent_080,independent,test,0.020949074074074075,0.0020370370370370386,0.0017151829760697365,0.0010933671924647729,0.024502314814814814
independent_081,independent,train,0.026585648148148146,-0.0014120370370370346,0.000910876252928455,0.0021353774587387206,0.02409722222222222
independent_082,independent,train,0.03494212962962963,0.0004398148148148165,-0.001118317771629582,0.0017701523745181785,0.03550925925925926
independent_083,independent,train,0.045208333333333336,-0.0006018518518518465,-7.805143062336588e-05,0.0017184284678673578,0.04914351851851852
independent_084,independent,train,0.028854166666666667,0.0006250000000000006,-3.664998597124391e-05,0.0010372204492238206,0.02789351851851852
independent_085,independent,train,0.024386574074074074,0.0012731481481481483,-0.002431563982942128,0.001551400908471625,0.02784722222222222
independent_086,independent,train,0.03824074074074074,-0.00106481481481481,-1.5161342169716283e-05,0.0026315687946522805,0.0366087962962963
independent_087,independent,test,0.017673611111111112,0.0012268518518518505,0.001976088062524743,0.001481797926273104,0.021087962962962965
independent_088,independent,test,0.022048611111111113,0.00034722222222222446,0.0009558352617734915,0.0008130735550779392,0.024444444444444446
independent_089,independent,test,0.037453703703703704,0.0012037037037037068,-0.0015219470407020588,0.002155141076353219,0.038530092592592595
independent_090,independent,test,0.025520833333333333,0.0020601851851851857,-0.0006412948805945438,0.000937357099305626,0.026458333333333334
independent_091,independent,train,0.016134259259259258,9.259259259259203e-05,0.0012217206303869416,0.0011855377803057295,0.01744212962962963
independent_092,independent,train,0.020902777777777777,-0.0008796296296296295,-0.0014922188105868212,0.0010432087351151616,0.021087962962962965
independent_093,independent,train,0.01662037037037037,0.0012499999999999976,0.0022438199331645666,0.0011033680822049056,0.02053240740740741
independent_094,independent,train,0.0421412037037037,0.0030787037037037016,-0.00028361869567834,0.0016650181533425458,0.04567129629629629
independent_095,independent,train,0.020104166666666666,-0.0009027777777777767,0.0016271187685354652,0.0010346341830140646,0.01787037037037037
independent_096,independent,test,0.04438657407407407,0.003865740740740746,-0.00027528574698366026,0.0013584137261927658,0.04775462962962963
independent_097,independent,train,0.0165625,6.944444444444489e-05,0.003647187320958734,0.0006667912370756518,0.014039351851851851
independent_098,independent,train,0.03395833333333333,0.002129629629629634,0.004835364440862587,0.002085775317782062,0.03635416666666667
independent_099,independent,train,0.02991898148148148,0.0011342592592592585,-0.0020075477228506397,0.0008011232629940837,0.03494212962962963
correlated_000,correlated,train,0.023645833333333335,-0.0022916666666666675,0.7628302971931787,0.0003271595839144115,0.023761574074074074
correlated_001,correlated,train,0.028217592592592593,-0.0037962962962962976,0.5361467919638906,0.0009428431414081618,0.026030092592592594
correlated_002,correlated,train,0.02070601851851852,-0.0023842592592592596,0.7168891435508181,0.0007648527869239249,0.018055555555555554
correlated_003,correlated,test,0.022766203703703705,0.004328703703703706,0.7112850939568404,0.0006699979462225137,0.02763888888888889
correlated_004,correlated,train,0.04186342592592593,0.007152777777777779,0.49108779833357996,0.0008300313955669911,0.04461805555555556
correlated_005,correlated,train,0.03225694444444444,0.003310185185185187,0.6065331456494344,0.0005573610707330789,0.03636574074074074
correlated_006,correlated,train,0.04849537037037037,0.0029166666666666646,0.4829009981577404,0.0011185610581805159,0.04704861111111111
correlated_007,correlated,train,0.02423611111111111,-0.0007407407407407432,0.679784577402563,0.0014740481921234237,0.024328703703703703
correlated_008,correlated,train,0.025231481481481483,-0.005648148148148149,0.6173378461050951,0.0006000685831859127,0.03130787037037037
correlated_009,correlated,train,0.03840277777777778,0.0023611111111111124,0.579908635518384,0.0007228006942590741,0.042395833333333334
correlated_010,correlated,train,0.03392361111111111,0.005347222222222225,0.6336527480231762,0.0011062175223662477,0.03256944444444444
correlated_011,correlated,train,0.043541666666666666,0.0,0.727192848021577,0.0008174279436578515,0.05287037037037037
correlated_012,correlated,test,0.042673611111111114,-0.0009490740740740744,0.4615056582989209,0.0014904513608019307,0.041666666666666664
correlated_013,correlated,train,0.030868055555555555,0.000347222222222221,0.6361054252431454,0.000746415617471585,0.037395833333333336
correlated_014,correlated,test,0.033483796296296296,0.00465277777777778,0.662232360426582,0.0006787382829349884,0.03377314814814815
correlated_015,correlated,train,0.026331018518518517,0.0015509259259259243,0.6803419758069421,0.0007606377222522107,0.025972222222222223
correlated_016,correlated,test,0.018298611111111113,0.0038657407407407425,0.6703430863771377,0.0011244735660541154,0.02179398148148148
correlated_017,correlated,train,0.020717592592592593,0.002592592592592591,0.680182807396948,0.0008252566421285132,0.024085648148148148
correlated_018,correlated,test,0.015370370370370371,0.003703703703703704,0.7699315992976082,0.0005298853306601663,0.015949074074074074
correlated_019,correlated,train,0.04101851851851852,0.0012500000000000011,0.8275287869571087,0.0008977184921141362,0.04040509259259259
correlated_020,correlated,train,0.02053240740740741,0.0012962962962962989,0.5584540271144689,0.0009719466099637511,0.02851851851851852
correlated_021,correlated,train,0.036516203703703703,0.004375000000000004,0.5476237766502511,0.0012151675435013681,0.04158564814814815
correlated_022,correlated,test,0.03207175925925926,-0.003541666666666665,0.6192799107536704,0.0007718267428115373,0.033993055555555554
correlated_023,correlated,test,0.03270833333333333,0.0007870370370370375,0.470903035948072,0.0005646440239652993,0.0365625
correlated_024,correlated,train,0.03954861111111111,-0.00039351851851851527,0.7844773802277218,0.0006619520471217043,0.04600694444444445
correlated_025,correlated,train,0.017916666666666668,-0.0007870370370370375,0.5381005698030965,0.0007081971546656643,0.019675925925925927
correlated_026,correlated,train,0.03347222222222222,-0.0006481481481481477,0.803320851344161,0.0009633635206798521,0.034340277777777775
correlated_027,correlated,train,0.02244212962962963,-0.00030092592592592324,0.7517258533496135,0.0006755730623848375,0.021574074074074075
correlated_028,correlated,train,0.017881944444444443,-0.001597222222222222,0.7584596193542315,0.0005327846891890694,0.018483796296296297
correlated_029,correlated,train,0.03679398148148148,0.0020138888888888914,0.7096387400448563,0.0010413451149792177,0.041296296296296296
correlated_030,correlated,train,0.022928240740740742,-0.003958333333333331,0.6734107897676566,0.0004007705947495554,0.0221875
correlated_031,correlated,train,0.027766203703703703,0.00451388888888889,0.465689504272922,0.0012563602762305033,0.03311342592592593
correlated_032,correlated,train,0.04134259259259259,0.002962962962962966,0.7592422594804832,0.0007870370370370363,0.03861111111111111
correlated_033,correlated,test,0.035381944444444445,-0.000347222222222221,0.7377235263668103,0.001026314335988318,0.030694444444444444
correlated_034,correlated,train,0.020381944444444446,0.004606481481481482,0.45122981328071854,0.0012503750294750391,0.021180555555555557
correlated_035,correlated,train,0.028078703703703703,-0.0011111111111111113,0.7465092327050387,0.0007301764025734953,0.02587962962962963
correlated_036,correlated,test,0.018032407407407407,-0.0015277777777777772,0.7879409682440001,0.000397582500863834,0.014386574074074074
correlated_037,correlated,test,0.028229166666666666,0.00826388888888889,0.45476077515504,0.0010950199613278505,0.03017361111111111
correlated_038,correlated,test,0.020462962962962964,0.00449074074074074,0.8208393697142793,0.0005964860521631999,0.021203703703703704
correlated_039,correlated,train,0.026041666666666668,-0.0030555555555555544,0.6084047630998859,0.0005293794734272813,0.025011574074074075
correlated_040,correlated,train,0.03822916666666667,-0.0036342592592592607,0.5623941632791613,0.0015336849184276237,0.042222222222222223
correlated_041,correlated,test,0.037592592592592594,-0.00013888888888888978,0.6023846403860488,0.0008965239227331998,0.037453703703703704
correlated_042,correlated,train,0.024583333333333332,-9.259259259259203e-05,0.6288378244809822,0.000807203508063088,0.022800925925925926
correlated_043,correlated,test,0.03712962962962963,-0.001388888888888884,0.7763186841098048,0.000914278595283866,0.043020833333333335
correlated_044,correlated,test,0.02582175925925926,0.0003009259259259267,0.7733715234457318,0.0004974159478459325,0.03025462962962963
correlated_045,correlated,train,0.022824074074074073,-0.003981481481481482,0.730447182672642,0.0005339149349384625,0.02417824074074074
correlated_046,correlated,test,0.023460648148148147,0.004282407407407408,0.5751170746072516,0.0008358212604111484,0.027141203703703702
correlated_047,correlated,train,0.0365625,0.0036342592592592607,0.4871017535148416,0.0013048966520892548,0.04238425925925926
correlated_048,correlated,train,0.04642361111111111,0.0028935185185185175,0.6371706195540744,0.0010485242380824417,0.0521875
correlated_049,correlated,train,0.04457175925925926,-0.0010879629629629642,0.7415123323166192,0.0008819869728251071,0.04289351851851852
correlated_050,correlated,train,0.03819444444444445,0.00041666666666666935,0.6455296378720287,0.0009247677942332495,0.035590277777777776
correlated_051,correlated,test,0.02451388888888889,0.000972222222222225,0.47796650996260326,0.0009818199102059485,0.027824074074074074
correlated_052,correlated,train,0.03958333333333333,-0.003981481481481482,0.7558336231515845,0.0009777181519417997,0.039733796296296295
correlated_053,correlated,test,0.038796296296296294,-0.004398148148148144,0.5159238985513602,0.0012019217579395535,0.03791666666666667
correlated_054,correlated,train,0.025891203703703704,0.0017824074074074062,0.5688221871011175,0.0004697135159190515,0.028171296296296295
correlated_055,correlated,test,0.0334375,0.005162037037037038,0.7100886395883113,0.0006981958857340592,0.031967592592592596
correlated_056,correlated,train,0.029131944444444443,0.0022453703703703733,0.7090210768451908,0.0008598376435814,0.029409722222222223
correlated_057,correlated,train,0.018599537037037036,0.000347222222222221,0.4852897199628314,0.0007849065663512022,0.020150462962962964
correlated_058,correlated,train,0.03050925925925926,-0.0010185185185185193,0.4989349152462971,0.0007991979861866705,0.03221064814814815
correlated_059,correlated,train,0.03365740740740741,-0.0010185185185185158,0.6481294916228186,0.0007421860899019171,0.03326388888888889
correlated_060,correlated,train,0.037627314814814815,-0.003541666666666665,0.7517287131663642,0.0010697725767247015,0.0350462962962963
correlated_061,correlated,test,0.02273148148148148,-0.0005555555555555557,0.6883627370995589,0.0008229809645662583,0.02784722222222222
correlated_062,correlated,test,0.02943287037037037,0.005486111111111112,0.5904708124282264,0.0008104331631082035,0.030428240740740742
correlated_063,correlated,train,0.0309375,0.0029398148148148118,0.5215522648181613,0.0008970467425767882,0.03300925925925926
correlated_064,correlated,test,0.022754629629629628,-0.004675925925925927,0.4495386061973701,0.0009021840402733837,0.024467592592592593
correlated_065,correlated,test,0.036377314814814814,0.0007175925925925891,0.7984733710679934,0.000512275369822471,0.045208333333333336
correlated_066,correlated,test,0.028252314814814813,0.0008101851851851846,0.7726876804671688,0.0007471331524774302,0.031435185185185184
correlated_067,correlated,test,0.040150462962962964,0.004699074074074078,0.6366371360728502,0.0014381223678071975,0.0427662037037037
correlated_068,correlated,train,0.04100694444444444,-0.0025694444444444436,0.7921133119476028,0.0005640505986579264,0.044710648148148145
correlated_069,correlated,train,0.021655092592592594,-0.001597222222222222,0.4856972011731637,0.0010009399517638597,0.024247685185185185
correlated_070,correlated,test,0.03785879629629629,0.00030092592592591977,0.8336462426549313,0.00047085290756500054,0.036967592592592594
correlated_071,correlated,train,0.03260416666666666,0.000532407407407405,0.5944675343147836,0.0008157054002938722,0.02962962962962963
correlated_072,correlated,test,0.024166666666666666,-0.0022222222222222227,0.7625029626196885,0.0007066822927071176,0.02767361111111111
correlated_073,correlated,train,0.03037037037037037,0.002175925925925925,0.8130833850027127,0.0006612433730132275,0.03125
correlated_074,correlated,train,0.02758101851851852,0.006689814814814815,0.7501876455633253,0.0006472174203711022,0.033796296296296297
correlated_075,correlated,train,0.02949074074074074,0.003518518518518518,0.8408543917014938,0.0008648861894569164,0.028819444444444446
correlated_076,correlated,train,0.016030092592592592,0.004004629629629629,0.6669116744235923,0.0005486404117820063,0.019143518518518518
correlated_077,correlated,train,0.017395833333333333,0.0011342592592592585,0.839003920751962,0.0004708529075650003,0.018703703703703705
correlated_078,correlated,train,0.02244212962962963,0.0021527777777777778,0.525924807886226,0.0005337894702592686,0.025416666666666667
correlated_079,correlated,test,0.033587962962962965,-0.0020370370370370386,0.6377710100775812,0.001049354347837328,0.03947916666666667
correlated_080,correlated,train,0.026539351851851852,0.003865740740740739,0.74216791530939,0.0006175611838867639,0.02210648148148148
correlated_081,correlated,train,0.04532407407407407,-0.0006018518518518534,0.6733242427625777,0.000702118096671439,0.04545138888888889
correlated_082,correlated,train,0.0355787037037037,0.0039351851851851805,0.5699922236521006,0.0015359978079795447,0.04056712962962963
correlated_083,correlated,train,0.04185185185185185,0.004583333333333335,0.5672709754137248,0.0012474253319729159,0.04600694444444445
correlated_084,correlated,train,0.04196759259259259,0.003194444444444444,0.4730152288620199,0.0013708316916197164,0.047002314814814816
correlated_085,correlated,test,0.04165509259259259,0.0008101851851851846,0.6984568559266066,0.0006097021847715708,0.045648148148148146
correlated_086,correlated,train,0.044305555555555556,0.004027777777777783,0.8100102336817517,0.0005726535591135645,0.05108796296296296
correlated_087,correlated,train,0.03467592592592592,-0.004398148148148144,0.738282558298586,0.0006262846878920682,0.038125
correlated_088,correlated,test,0.02497685185185185,-0.004814814814814817,0.5201741031940347,0.0007228006942590736,0.02351851851851852
correlated_089,correlated,train,0.040081018518518516,-0.0015046296296296266,0.6429400143817607,0.0013429417649396438,0.03763888888888889
correlated_090,correlated,train,0.03346064814814815,0.006458333333333333,0.7021773450877763,0.0008189833134414118,0.03744212962962963
correlated_091,correlated,test,0.018958333333333334,-0.0008333333333333318,0.7749142448359831,0.0007757220407461131,0.018564814814814815
correlated_092,correlated,train,0.026238425925925925,-0.0006250000000000006,0.6383341738491636,0.000987465922907017,0.02744212962962963
correlated_093,correlated,train,0.041157407407407406,0.00314814814814815,0.7048310387482755,0.0008307573354132574,0.04335648148148148
correlated_094,correlated,train,0.034513888888888886,-0.003148148148148143,0.6986745309145785,0.0010462860537027352,0.034861111111111114
correlated_095,correlated,train,0.01943287037037037,0.0017361111111111119,0.7402417519799597,0.0007641518907520404,0.01861111111111111
correlated_096,correlated,train,0.02715277777777778,0.003564814814814816,0.5840874114379748,0.0007631871074923391,0.029988425925925925
correlated_097,correlated,train,0.03815972222222222,-0.002662037037037039,0.7773224776932347,0.0006651820854398606,0.04026620370370371
correlated_098,correlated,test,0.026296296296296297,0.003703703703703702,0.443348026574696,0.0012439841520874451,0.03417824074074074
correlated_099,correlated,test,0.02877314814814815,0.0018518518518518545,0.617757979499021,0.0003975825008638347,0.026712962962962963
regenerative_000,regenerative,train,0.026400462962962962,-0.0030324074074074073,0.0017623651429496726,0.0021786023236710903,0.013888888888888888
regenerative_001,regenerative,train,0.04271990740740741,-0.001597222222222222,0.0005059410995799217,0.001290444380531583,0.020243055555555556
regenerative_002,regenerative,train,0.029456018518518517,-0.0016898148148148141,-0.0004002513078988857,0.001311450360875234,0.01712962962962963
regenerative_003,regenerative,test,0.040706018518518516,-0.0008101851851851846,0.00026620287088184884,0.0014388673642272008,0.023368055555555555
regenerative_004,regenerative,train,0.042199074074074076,0.0,9.20941914823105e-05,0.0009394270318381015,0.023796296296296298
regenerative_005,regenerative,train,0.036863425925925924,-0.0008564814814814789,0.00045347339145088747,0.0014592057208405811,0.022222222222222223
regenerative_006,regenerative,test,0.03238425925925926,-0.004305555555555559,-0.0019926444274484087,0.0013010412496663331,0.01607638888888889
regenerative_007,regenerative,train,0.035798611111111114,-0.0015046296296296266,0.0013080826285989356,0.0010566692265096009,0.02003472222222222
regenerative_008,regenerative,train,0.030462962962962963,-0.0006018518518518534,0.0008947187898277721,0.0014261964630323488,0.016712962962962964
regenerative_009,regenerative,train,0.02872685185185185,0.0006481481481481477,-0.00039778730489547544,0.0011990204478212843,0.01835648148148148
regenerative_010,regenerative,train,0.02903935185185185,0.0006712962962962948,-0.00020494759666069552,0.0014588384633702608,0.02008101851851852
regenerative_011,regenerative,train,0.018344907407407407,-0.0025694444444444436,0.0010706006380039638,0.0015634427882704205,0.009444444444444445
regenerative_012,regenerative,train,0.018368055555555554,0.001319444444444446,-0.0005942991747910004,0.001485770339953796,0.009976851851851851
regenerative_013,regenerative,test,0.031516203703703706,-0.003263888888888889,0.0034243020951123778,0.0008610831088636977,0.01363425925925926
regenerative_014,regenerative,train,0.04528935185185185,-0.0037731481481481505,0.0015895490002099243,0.0027375315530185755,0.0259375
regenerative_015,regenerative,train,0.019004629629629628,-0.0019444444444444466,-0.0008170177353050101,0.0015099620608611506,0.009675925925925926
regenerative_016,regenerative,train,0.03248842592592593,-0.0021990740740740755,0.0016617654673562981,0.0013016074233157743,0.01685185185185185
regenerative_017,regenerative,test,0.03229166666666667,-0.0010185185185185228,0.0007291252454810074,0.002022120257570458,0.021157407407407406
regenerative_018,regenerative,train,0.03854166666666667,-0.002083333333333333,-0.003538437551683435,0.002600743635081779,0.01818287037037037
regenerative_019,regenerative,train,0.033541666666666664,-0.004398148148148144,0.0007551682456480951,0.0017603249696088114,0.01601851851851852
regenerative_020,regenerative,test,0.031643518518518515,-0.003703703703703702,0.0016800700015151854,0.0010012744793463963,0.01857638888888889
regenerative_021,regenerative,train,0.026956018518518518,-0.0002083333333333312,-0.0003312336393620641,0.0014437004702042733,0.015868055555555555
regenerative_022,regenerative,train,0.024224537037037037,-0.002662037037037039,-0.0006240370295842631,0.0011702413452965273,0.012025462962962963
regenerative_023,regenerative,train,0.02212962962962963,0.0007407407407407397,0.0033441377595164966,0.0013473733528569678,0.011215277777777777
regenerative_024,regenerative,test,0.038425925925925926,-0.0007407407407407363,-0.0010566903532082915,0.0022125561380275036,0.02753472222222222
regenerative_025,regenerative,test,0.03194444444444444,-0.0009722222222222215,-0.002402200486178947,0.0009655858154913987,0.02053240740740741
regenerative_026,regenerative,test,0.027731481481481482,-0.0007407407407407432,0.001016402216413626,0.001959815785973771,0.011655092592592592
regenerative_027,regenerative,test,0.022094907407407407,-0.000532407407407405,-0.0004315238177126667,0.0012754083472880213,0.010659722222222221
regenerative_028,regenerative,test,0.029375,-0.0005092592592592614,0.0010326051729675728,0.002082690229958439,0.018414351851851852
regenerative_029,regenerative,train,0.01730324074074074,0.0005787037037037063,-2.2325235042402206e-06,0.0010231769519994489,0.009131944444444444
regenerative_030,regenerative,test,0.019560185185185184,-0.003518518518518518,-0.00014649242031051563,0.0011413234292241713,0.007094907407407407
regenerative_031,regenerative,test,0.03474537037037037,-0.004537037037037034,0.0013261084697488033,0.002326244928289433,0.01476851851851852
regenerative_032,regenerative,train,0.030081018518518517,-0.0017824074074074096,0.0020800615757051435,0.0016494984455106677,0.013368055555555555
regenerative_033,regenerative,train,0.01787037037037037,-0.002175925925925925,0.0032162667041748714,0.0011675481678628235,0.00832175925925926
regenerative_034,regenerative,train,0.02148148148148148,-0.0018981481481481453,-0.002433310618005942,0.0006975240358018219,0.011296296296296296
regenerative_035,regenerative,train,0.04362268518518519,-0.003124999999999996,0.0001295055905595459,0.0013822662321553419,0.024525462962962964
regenerative_036,regenerative,train,0.021041666666666667,-0.00046296296296296363,-0.0006376961031756059,0.001264278870779757,0.011550925925925926
regenerative_037,regenerative,train,0.019247685185185184,-0.003402777777777779,-0.0009362113747073253,0.0014954760741220851,0.0077083333333333335
regenerative_038,regenerative,train,0.027256944444444445,-0.0004398148148148165,-0.0012962049473331724,0.0013151224698742612,0.020717592592592593
regenerative_039,regenerative,train,0.01337962962962963,-0.0015277777777777772,0.00013290747438230027,0.0015101394842870458,0.006631944444444445
regenerative_040,regenerative,train,0.02150462962962963,-0.0009722222222222215,0.00013005533808108888,0.0014813006255348295,0.009710648148148149
regenerative_041,regenerative,train,0.03332175925925926,-0.0004861111111111177,-0.003337917254941794,0.00157845081878131,0.020833333333333332
regenerative_042,regenerative,train,0.03417824074074074,-0.0039583333333333345,0.00041624670235147857,0.0008617051664552958,0.02221064814814815
regenerative_043,regenerative,train,0.03319444444444444,-0.0018518518518518545,0.0007840494086654565,0.0014698618394803293,0.020266203703703703
regenerative_044,regenerative,test,0.039976851851851854,-0.001064814814814817,0.0010776575096490648,0.0016555376894387725,0.02767361111111111
regenerative_045,regenerative,test,0.038530092592592595,0.0013194444444444425,-0.001781620878878834,0.001234851192420012,0.02537037037037037
regenerative_046,regenerative,test,0.03484953703703704,-0.0044675925925925924,0.003791258855596842,0.001517881457944055,0.016747685185185185
regenerative_047,regenerative,train,0.041122685185185186,-0.003495370370370371,0.0008976191097149867,0.0009781975766537106,0.019733796296296298
regenerative_048,regenerative,train,0.02079861111111111,-0.001412037037037038,-0.0008396827633211526,0.0013764391863341691,0.013310185185185185
regenerative_049,regenerative,train,0.019386574074074073,-0.0007175925925925926,0.0008691127216138799,0.0011003895330679936,0.009259259259259259
regenerative_050,regenerative,test,0.02070601851851852,-0.0005787037037037028,0.00011953980695237442,0.0010586956825990688,0.009606481481481481
regenerative_051,regenerative,test,0.036898148148148145,-0.0056944444444444395,0.0006798506737504664,0.0014418899539256878,0.01824074074074074
regenerative_052,regenerative,test,0.03497685185185185,-0.005740740740740741,0.00011035604624442695,0.0015254963324625387,0.016805555555555556
regenerative_053,regenerative,train,0.034166666666666665,-0.0036111111111111135,0.0005853978080917198,0.0012687212598189554,0.017974537037037035
regenerative_054,regenerative,train,0.041805555555555554,-0.0030555555555555544,-0.00026683762912836254,0.0018839805508681295,0.026030092592592594
regenerative_055,regenerative,train,0.03280092592592593,-0.0017129629629629647,-0.0018668709505661636,0.0014357451118019169,0.014849537037037038
regenerative_056,regenerative,train,0.036550925925925924,-0.003935185185185187,0.002435174974869864,0.0010655693783781393,0.014548611111111111
regenerative_057,regenerative,train,0.0431712962962963,-0.0026851851851851863,-0.0017326965520290968,0.0019053330593928623,0.026712962962962963
regenerative_058,regenerative,train,0.022141203703703705,-0.003263888888888889,0.000491338240068717,0.0016436407753171987,0.011134259259259259
regenerative_059,regenerative,train,0.016967592592592593,-0.00037037037037036813,-0.0010249932570294965,0.0011945431340222839,0.009710648148148149
regenerative_060,regenerative,test,0.02388888888888889,-0.0022685185185185204,0.004107278351734952,0.00162894556349622,0.011805555555555555
regenerative_061,regenerative,train,0.03386574074074074,0.0006944444444444489,0.0010682542318826913,0.0011318947387405239,0.025706018518518517
regenerative_062,regenerative,train,0.0325,-0.005092592592592593,0.0021080270082069015,0.0019543398999264296,0.01273148148148148
regenerative_063,regenerative,train,0.02113425925925926,-0.0012500000000000011,0.00291235728555126,0.0009630853732738298,0.012199074074074074
regenerative_064,regenerative,train,0.03712962962962963,-0.0016203703703703692,-0.0033833446778517456,0.0013513443999376327,0.021041666666666667
regenerative_065,regenerative,train,0.019780092592592592,-0.0020138888888888914,-0.002004558974046893,0.0009118578269127583,0.009097222222222222
regenerative_066,regenerative,train,0.02201388888888889,0.0009259259259259273,-0.0003505561966138333,0.0008878152273502365,0.01138888888888889
regenerative_067,regenerative,train,0.020775462962962964,-2.314814814815061e-05,0.0009343363153751026,0.0015008410279414212,0.011724537037037037
regenerative_068,regenerative,train,0.04078703703703704,0.0,-0.002782500314260457,0.0010788129812713922,0.023414351851851853
regenerative_069,regenerative,test,0.023333333333333334,0.0006481481481481477,-0.0026493963971337938,0.0016249934050726153,0.012719907407407407
regenerative_070,regenerative,test,0.0359837962962963,-0.0032638888888888926,-0.0008350333601123751,0.0013297095012376782,0.018680555555555554
regenerative_071,regenerative,test,0.02232638888888889,0.0007638888888888903,-0.0006791015091367547,0.0012974841614358744,0.012303240740740741
regenerative_072,regenerative,train,0.017511574074074075,-0.00025462962962962896,-0.0016061939067005813,0.001141968791689779,0.011273148148148148
regenerative_073,regenerative,train,0.02420138888888889,-0.0023842592592592596,0.0021161968768785406,0.0009655164462025064,0.01275462962962963
regenerative_074,regenerative,test,0.024027777777777776,-0.001759259259259259,0.0013041390962113526,0.0013950480716036447,0.011747685185185186
regenerative_075,regenerative,test,0.017673611111111112,-0.001319444444444446,-0.0020673860841973557,0.0011067018027976197,0.010023148148148147
regenerative_076,regenerative,train,0.0321875,-0.003495370370370371,-0.000991847166832909,0.001697842108110786,0.015914351851851853
regenerative_077,regenerative,train,0.03361111111111111,-0.0022222222222222227,0.0005296127032929887,0.0009993996826353215,0.01752314814814815
regenerative_078,regenerative,train,0.03287037037037037,-0.00023148148148148529,0.0029344438490739944,0.0018477964855069542,0.016550925925925927
regenerative_079,regenerative,test,0.02396990740740741,-0.004282407407407408,-0.002934272388643358,0.0008235504734824173,0.009085648148148148
regenerative_080,regenerative,test,0.038877314814814816,-0.00405092592592593,0.0015174920416574677,0.0012365856870927446,0.018645833333333334
regenerative_081,regenerative,train,0.0450462962962963,0.0006018518518518465,0.0011283569758686316,0.0018425693279752217,0.029675925925925925
regenerative_082,regenerative,train,0.024699074074074075,-0.001851851851851851,0.0019112064517361864,0.0012744101489352597,0.016180555555555556
regenerative_083,regenerative,train,0.029467592592592594,-0.0036574074074074044,0.0011339864760296352,0.0017712493459538206,0.014328703703703703
regenerative_084,regenerative,train,0.024386574074074074,-0.003356481481481481,0.004417792675503006,0.0018007637625743196,0.010810185185185185
regenerative_085,regenerative,train,0.026724537037037036,-0.0013657407407407403,0.00016400814085702756,0.0015624142637657456,0.013125
regenerative_086,regenerative,train,0.035555555555555556,-0.005324074074074078,0.002014117200786772,0.0015876322406928004,0.014305555555555556
regenerative_087,regenerative,train,0.02826388888888889,4.629629629629775e-05,-0.0023404747945094785,0.000734566280214002,0.015532407407407408
regenerative_088,regenerative,train,0.028900462962962965,-0.002569444444444447,-0.0021090706428492064,0.0017306627471112576,0.013101851851851852
regenerative_089,regenerative,train,0.03009259259259259,-0.001990740740740741,0.0012012524399056292,0.0020859037640868173,0.018969907407407408
regenerative_090,regenerative,train,0.03481481481481481,-0.001064814814814817,0.0026316218244675526,0.002690368560327341,0.017893518518518517
regenerative_091,regenerative,test,0.025069444444444443,-0.0024999999999999988,-0.002882890665518068,0.00140175369048173,0.013333333333333334
regenerative_092,regenerative,train,0.04581018518518518,-0.002777777777777775,0.00011086539356405865,0.0017021367089212727,0.0228125
regenerative_093,regenerative,train,0.026458333333333334,0.0010185185185185158,-0.001833225274975281,0.0010245507396449407,0.017372685185185185
regenerative_094,regenerative,train,0.030625,-0.001851851851851851,0.002560309948685532,0.001628781081690026,0.019085648148148147
regenerative_095,regenerative,test,0.031435185185185184,-0.002268518518518517,-0.0004961255321472979,0.0015521346865037238,0.017453703703703704
regenerative_096,regenerative,test,0.04421296296296296,-0.001064814814814817,-0.0016504775792717929,0.0008820629112619279,0.030949074074074073
regenerative_097,regenerative,test,0.04162037037037037,-0.0013425925925925897,-0.0020741641745819603,0.001583576979304359,0.026516203703703705
regenerative_098,regenerative,train,0.02894675925925926,-0.0038194444444444448,0.001621357208172469,0.0014994122505337737,0.012604166666666666
regenerative_099,regenerative,train,0.029421296296296296,-0.001990740740740741,-0.0019051083602888805,0.0019293672513023032,0.021168981481481483
mixed_000,mixed,train,0.03673611111111111,-0.0016203703703703692,0.3963163599597265,0.0016195434397881306,0.02869212962962963
mixed_001,mixed,train,0.029733796296296296,-0.0036342592592592607,0.39110710348642524,0.0011372668930113305,0.023460648148148147
mixed_002,mixed,test,0.015671296296296298,-0.0008796296296296295,0.2977815874012749,0.0007301764025734953,0.010902777777777779
mixed_003,mixed,test,0.03998842592592593,-0.001041666666666663,0.41564260791163604,0.001947438997021303,0.030497685185185187
mixed_004,mixed,train,0.024953703703703704,-0.0022222222222222227,0.4755530722209123,0.000721687836487033,0.015347222222222222
mixed_005,mixed,train,0.0358912037037037,-0.0030787037037037085,0.4407013025493846,0.0016236326287794637,0.02113425925925926
mixed_006,mixed,train,0.030104166666666668,-0.005023148148148152,0.410680439881255,0.0006472174203711031,0.019583333333333335
mixed_007,mixed,test,0.03342592592592593,-0.003842592592592592,0.33072866898610537,0.001426947685872448,0.023726851851851853
mixed_008,mixed,train,0.033622685185185186,0.0011805555555555597,0.373177622971654,0.0014106607591603453,0.028935185185185185
mixed_009,mixed,test,0.016631944444444446,-0.0021064814814814817,0.5464254441792697,0.0005496162069714708,0.01597222222222222
mixed_010,mixed,train,0.03634259259259259,0.003194444444444444,0.42133110735495316,0.0013273399247066167,0.026064814814814815
mixed_011,mixed,train,0.03309027777777778,-0.000532407407407405,0.2634712180500141,0.0009142053328457275,0.02547453703703704
mixed_012,mixed,test,0.03306712962962963,0.002430555555555554,0.34431763459627,0.0019118955086173135,0.022534722222222223
mixed_013,mixed,train,0.044224537037037034,-0.0006250000000000006,0.35645426908792305,0.0017222828917031893,0.030266203703703705
mixed_014,mixed,train,0.03201388888888889,-0.0025462962962962965,0.44351071685582927,0.0010276839296492187,0.023287037037037037
mixed_015,mixed,train,0.03854166666666667,-0.0016666666666666635,0.30046271589271895,0.0011764634962567644,0.030625
mixed_016,mixed,train,0.034386574074074076,-0.0016898148148148176,0.4043023549349144,0.0014381223678071983,0.028587962962962964
mixed_017,mixed,test,0.034756944444444444,-0.003032407407407414,0.553346115481563,0.0007648527869239259,0.02554398148148148
mixed_018,mixed,test,0.021435185185185186,0.001574074074074075,0.4976649416909093,0.0010547023842494923,0.014988425925925926
mixed_019,mixed,train,0.026180555555555554,4.629629629629775e-05,0.26799056413300454,0.0007934785417130838,0.02273148148148148
mixed_020,mixed,train,0.02568287037037037,0.001412037037037038,0.38418666965003334,0.0009928774769106096,0.020763888888888887
mixed_021,mixed,train,0.01912037037037037,-0.00046296296296296363,0.24962086944666192,0.0011245331297676962,0.013773148148148149
mixed_022,mixed,train,0.037349537037037035,-2.314814814814714e-05,0.39008952646712286,0.0011554961070593674,0.02574074074074074
mixed_023,mixed,train,0.02355324074074074,0.001828703703703704,0.348481512253565,0.0011320722490903545,0.015462962962962963
mixed_024,mixed,train,0.034513888888888886,0.003657407407407408,0.2834539466209173,0.0014139331531551349,0.02806712962962963
mixed_025,mixed,train,0.0408912037037037,0.0025694444444444506,0.2687225291779636,0.002336444088584389,0.032442129629629626
mixed_026,mixed,train,0.030358796296296297,0.0012731481481481483,0.390582677926579,0.0019051572825522834,0.020231481481481482
mixed_027,mixed,train,0.01818287037037037,-0.0004398148148148165,0.36537632177010104,0.0005476628779778231,0.013761574074074074
mixed_028,mixed,test,0.03798611111111111,-0.0009259259259259273,0.263496397221153,0.0011488106660812556,0.028935185185185185
mixed_029,mixed,train,0.043402777777777776,-0.0037962962962962976,0.5142073054045568,0.0013840579563774765,0.02875
mixed_030,mixed,train,0.02988425925925926,-0.0011574074074074056,0.36141480041815244,0.0009139855102962795,0.019965277777777776
mixed_031,mixed,test,0.035104166666666665,0.0018750000000000017,0.513568137111504,0.001372931087836486,0.027546296296296298
mixed_032,mixed,train,0.03621527777777778,0.0002546296296296324,0.41753738263975465,0.001344536826613803,0.02388888888888889
mixed_033,mixed,test,0.041493055555555554,-0.0031250000000000028,0.3550265877728594,0.0013713690523875647,0.02792824074074074
mixed_034,mixed,test,0.042847222222222224,-0.0016666666666666635,0.356435260243972,0.0013856056873127007,0.03210648148148148
mixed_035,mixed,train,0.026030092592592594,0.0011805555555555562,0.33289271420900585,0.001790318841774453,0.018564814814814815
mixed_036,mixed,train,0.035868055555555556,-0.0011342592592592654,0.4667678529207592,0.00121163475130756,0.023796296296296298
mixed_037,mixed,train,0.04181712962962963,6.944444444444142e-05,0.45372863146974957,0.000788312555734158,0.030185185185185186
mixed_038,mixed,train,0.03895833333333333,-0.001574074074074075,0.2717862838136646,0.0013708316916197156,0.02966435185185185
mixed_039,mixed,train,0.033715277777777775,-0.003124999999999996,0.30613861031712236,0.0011531751323205278,0.025659722222222223
mixed_040,mixed,test,0.04230324074074074,0.003541666666666665,0.2389264429234153,0.0021293465492212365,0.029861111111111113
mixed_041,mixed,train,0.030104166666666668,-0.0008564814814814824,0.4641615112162548,0.0011230430891904042,0.020462962962962964
mixed_042,mixed,train,0.03405092592592593,-0.004398148148148144,0.3755776820635937,0.001845329950682573,0.02380787037037037
mixed_043,mixed,train,0.029583333333333333,-0.0024074074074074067,0.4623487017953448,0.0014072855697750603,0.022754629629629628
mixed_044,mixed,train,0.03019675925925926,-0.00048611111111111077,0.26477354923485497,0.0012900290794087405,0.023113425925925926
mixed_045,mixed,train,0.027430555555555555,0.0025462962962962965,0.4978199966833854,0.0009861763150065181,0.018819444444444444
mixed_046,mixed,train,0.04189814814814815,-0.0035648148148148123,0.5239098853111127,0.000984272760438394,0.03033564814814815
mixed_047,mixed,train,0.023634259259259258,-0.0018981481481481453,0.5624080955929188,0.0011700696255648256,0.01650462962962963
mixed_048,mixed,train,0.014826388888888889,0.0003009259259259267,0.37423179362123166,0.0013830413166668893,0.009965277777777778
mixed_049,mixed,test,0.030393518518518518,-0.001666666666666667,0.30141925784059503,0.000845778977150236,0.02221064814814815
mixed_050,mixed,train,0.03456018518518519,-0.0025000000000000022,0.2424039143341346,0.0015766251114683165,0.026145833333333333
mixed_051,mixed,train,0.02119212962962963,-0.002013888888888888,0.3175344485867912,0.0008051264022888273,0.013449074074074073
mixed_052,mixed,train,0.03857638888888889,0.0018750000000000017,0.3700528567613934,0.0015767525549953917,0.03079861111111111
mixed_053,mixed,train,0.020266203703703703,0.001921296296296296,0.3246192847074951,0.0013666722341299823,0.015474537037037037
mixed_054,mixed,train,0.03671296296296296,-0.005462962962962961,0.34416430741373144,0.0014404027024170424,0.022974537037037036
mixed_055,mixed,train,0.02841435185185185,-0.0016898148148148141,0.4950302599497978,0.000877723934705871,0.02060185185185185
mixed_056,mixed,train,0.023842592592592592,-0.0014351851851851852,0.28092474366666637,0.0009154499969113514,0.01337962962962963
mixed_057,mixed,train,0.03245370370370371,0.0006018518518518465,0.5117471711469378,0.0007097087831831431,0.02877314814814815
mixed_058,mixed,train,0.03328703703703704,-0.0008333333333333318,0.2503752238078827,0.0015044515564140663,0.019583333333333335
mixed_059,mixed,train,0.02829861111111111,0.003495370370370371,0.5190879148240314,0.0008176737250546328,0.024907407407407406
mixed_060,mixed,test,0.03957175925925926,-0.0006712962962962948,0.29253979418850606,0.0009509776528540041,0.030300925925925926
mixed_061,mixed,test,0.04019675925925926,-0.002662037037037032,0.5603365036836617,0.001132545474003527,0.02634259259259259
mixed_062,mixed,test,0.042465277777777775,-0.0015509259259259278,0.38321040462237044,0.001132072249090355,0.0346875
mixed_063,mixed,test,0.03142361111111111,-0.004513888888888887,0.3581785542843065,0.0007842235933557836,0.023113425925925926
mixed_064,mixed,test,0.0303125,-0.0006712962962962948,0.5083453268496622,0.0014433292674032017,0.02113425925925926
mixed_065,mixed,train,0.032164351851851854,-0.0015046296296296266,0.5369216047524056,0.0013678479506575164,0.022476851851851852
mixed_066,mixed,train,0.01752314814814815,-0.002083333333333333,0.32813553913854293,0.0007418250166186141,0.011956018518518519
mixed_067,mixed,train,0.029733796296296296,0.0023379629629629653,0.510469868169278,0.0012916894827402104,0.019212962962962963
mixed_068,mixed,train,0.02355324074074074,-0.0012731481481481483,0.3029131096258798,0.0012063161643083478,0.017488425925925925
mixed_069,mixed,train,0.02236111111111111,0.004675925925925927,0.538197324952721,0.0010617911982573809,0.02201388888888889
mixed_070,mixed,train,0.02423611111111111,0.0007870370370370375,0.47554568423629373,0.0011945431340222848,0.022025462962962962
mixed_071,mixed,train,0.03606481481481481,-0.0027314814814814806,0.3596349401081866,0.0011471770086448026,0.02644675925925926
mixed_072,mixed,train,0.027569444444444445,-0.0038888888888888896,0.362330367990565,0.0008890214985959034,0.018472222222222223
mixed_073,mixed,test,0.02704861111111111,-0.0028009259259259255,0.4797269537336735,0.000538785269088304,0.019363425925925926
mixed_074,mixed,train,0.0371875,-0.00539351851851852,0.3488705972741517,0.0017383858554340327,0.025578703703703704
mixed_075,mixed,test,0.034305555555555554,0.001064814814814817,0.4729719154898904,0.0006740842490074555,0.026863425925925926
mixed_076,mixed,train,0.024375,0.0022222222222222227,0.2918011491316738,0.001138503021051661,0.017604166666666667
mixed_077,mixed,train,0.020810185185185185,-0.004722222222222225,0.33933041588432145,0.00047608712502785,0.014097222222222223
mixed_078,mixed,train,0.014270833333333333,2.314814814814714e-05,0.3109431318354295,0.0009436242580592154,0.007337962962962963
mixed_079,mixed,train,0.01846064814814815,-0.001597222222222222,0.32779118254614953,0.0007449784741552818,0.013587962962962963
mixed_080,mixed,train,0.02673611111111111,0.001990740740740741,0.4023648561121082,0.0014214923257263004,0.02079861111111111
mixed_081,mixed,test,0.023391203703703702,0.0020601851851851857,0.47001498574206835,0.0010915892089191825,0.017453703703703704
mixed_082,mixed,test,0.04318287037037037,2.314814814814714e-05,0.38389478102563823,0.0022110722881851347,0.03667824074074074
mixed_083,mixed,train,0.04248842592592592,-0.002986111111111113,0.39317375922515924,0.0016924684263355289,0.03662037037037037
mixed_084,mixed,train,0.022256944444444444,-0.003587962962962963,0.40281816616023375,0.00042917815318840646,0.017534722222222222
mixed_085,mixed,train,0.03935185185185185,-0.005972222222222226,0.37292560773864364,0.0017303918139843291,0.028715277777777777
mixed_086,mixed,train,0.03259259259259259,-0.00046296296296296363,0.2789238764915018,0.0014103283529377615,0.02528935185185185
mixed_087,mixed,train,0.042986111111111114,-0.0034259259259259225,0.32075464171011975,0.0013407954127383878,0.026412037037037036
mixed_088,mixed,test,0.03119212962962963,-0.0011805555555555527,0.3593309619479501,0.0017380775899964122,0.024212962962962964
mixed_089,mixed,train,0.01738425925925926,-0.002824074074074076,0.38901956637760327,0.0009009953914828043,0.011724537037037037
mixed_090,mixed,train,0.03890046296296296,0.007060185185185183,0.4347899839250501,0.0015224637520152235,0.032581018518518516
mixed_091,mixed,test,0.027800925925925927,-4.629629629629775e-05,0.28674458998276925,0.00036084391824351623,0.022025462962962962
mixed_092,mixed,train,0.01810185185185185,-0.0010185185185185158,0.3044597778907104,0.0010708364357611467,0.011458333333333333
mixed_093,mixed,test,0.0184375,0.0016435185185185198,0.3872906633659436,0.0008617051664552953,0.01775462962962963
mixed_094,mixed,train,0.01974537037037037,-0.001759259259259259,0.2617044817766622,0.0009872624125988943,0.012546296296296297
mixed_095,mixed,train,0.03917824074074074,-0.0027083333333333334,0.2306274572819866,0.0015946621324059499,0.02795138888888889
mixed_096,mixed,train,0.020868055555555556,-0.0009027777777777767,0.5061376188151777,0.000742095838051409,0.018599537037037036
mixed_097,mixed,test,0.02693287037037037,0.002430555555555554,0.4920024583590828,0.0008516977265965385,0.02042824074074074
mixed_098,mixed,train,0.02144675925925926,-0.0007175925925925926,0.3160913482888249,0.001183898227046034,0.015601851851851851
mixed_099,mixed,train,0.03675925925925926,0.0023611111111111124,0.26397214455120094,0.001805555555555555,0.029768518518518517
